id;Catalogue;Type;Mode;Nom;Marque;Description;Pouvoir;Prix;Image
1;Armes;Archerie;Classique;"Sarbacane ""Silent Dart""";-;Arme silencieuse. fléchettes (poison). ;1D6 + Poison (20m);80;Weapon_Bow.png
2;Armes;Archerie;Classique;"Bolas ""Tangler""";-;Arme de jet conçue pour entraver les jambes. ;1D6 + Entrave (25m);90;Weapon_Bow.png
3;Armes;Archerie;Classique;"Fronde tactique ""Slinger""";-;Fronde moderne. billes acier/explosives. ;2D6 (30m);100;Weapon_Bow.png
4;Armes;Archerie;Classique;"Arc court ""Striker""";-;Arc simple. cadence de tir rapide. ;2D6+2 (50m);120;Weapon_Bow.png
5;Armes;Archerie;Classique;"Bâton de jet (Boomerang) ""Vortex""";-;Bâton de jet aérodynamique. revient si raté (jet comp). ;2D6+1 (40m);130;Weapon_Bow.png
6;Armes;Archerie;Classique;"Arbalète légère ""Imp""";-;Arbalète compacte. facile à dissimuler. ;3D6+3 (60m);250;Weapon_Bow.png
7;Armes;Archerie;Classique;"Arc composite ""Hunter""";-;Arc puissant. bonne portée. ;3D6+2 (100m);300;Weapon_Bow.png
8;Armes;Archerie;Classique;"Arbalète lourde ""Ballista""";Arasaka;Arbalète puissante. excellente perforation. ;5D6 (120m);700;Weapon_Bow.png
9;Armes;Archerie;Intelligente;"Arc ""SmartBow""";Militech;Arc high-tech. visée assistée. flèches guidées. ;4D6 (150m);1800;Weapon_Bow.png
10;Armes;Archerie;Intelligente;"Arbalète à répétition ""Stinger""";Militech;Arbalète avec chargeur. assistance à la visée. ;4D6+2 (100m);2200;Weapon_Bow.png
11;Armes;Arme de poing;Classique;Miltech Electronics Taser;Miltech Electronics;Arme d'étourdissement électrique (Stun). très compacte ;Stun;60;Weapon_Handgun.png
12;Armes;Arme de poing;Classique;BudgetArms C-13;BudgetArms;Autopistolet léger. utilisé comme arme de poche;1D6 (5mm);125;Weapon_Handgun.png
13;Armes;Arme de poing;Classique;Dai Lung Cybermag 15;Dai Lung;Contrefaçon bon marché;1D6+1 (6mm);150;Weapon_Handgun.png
14;Armes;Arme de poing;Classique;Colt .38 Detective;Colt;"Revolver de police classique (""Old Gun""). Haute fiabilité ";1D6+2 (.38);150;Weapon_Handgun.png
15;Armes;Arme de poing;Classique;Federated Arms X-22;Federated Arms;"Pistolet en plastique bon marché (""Polymer-one-shot""). Très courant";1D6+1 (6mm);200;Weapon_Handgun.png
16;Armes;Arme de poing;Classique;Avante P-11 Needlegun;Avante;Pistolet à aiguilles discret. utilise drogues ou poisons;Dégâts de Drogues;200;Weapon_Handgun.png
17;Armes;Arme de poing;Classique;Militech Arms Avenger;Militech Arms;Autopistolet de bonne qualité. Arme de professionnel;2D6+1 (9mm);350;Weapon_Handgun.png
18;Armes;Arme de poing;Intelligente;Federated Arms X-22 Smart;Federated Arms;Version modifiée Smartgun du X-22.;1D6+1 (6mm);400;Weapon_Handgun.png
19;Armes;Arme de poing;Classique;Colt AMT Model 2000;Colt;Très lourd autopistolet. Arme de poing standard des officiers de l'armée américaine ;4D6+1 (12mm);800;Weapon_Handgun.png
20;Armes;Arme de poing;Intelligente;Colt AMT Model 2000 Smart;Colt;Version Smartgun de l'autopistolet lourd.;4D6+1 (12mm);1600;Weapon_Handgun.png
21;Armes;Armes lourdes;Classique;Explosif C6 (1 kg);Explosive Tech;Explosif plastique de qualité militaire. Zone d'effet 5m/kg;8D10 (Zone);300;Weapon_heavy.png
22;Armes;Armes lourdes;Classique;Lance-Missiles (RPG);Divers;Lance-roquettes explosif. zone d'effet 4m;4D10 (Zone);500;Weapon_heavy.png
23;Armes;Armes lourdes;Classique;Micromissile Launcher (MML);Manufacture de Cyberware;Lanceur de 4 missiles miniatures dissimulé dans un cybermembre;4x4D6 (Zone 2m);500;Weapon_heavy.png
24;Armes;Armes lourdes;Classique;Cyberlimb Flamethrower;Manufacture de Cyberware;Lance-flammes intégré au cybermembre. Zone d'effet 1m ;2D6 (initial);800;Weapon_heavy.png
25;Armes;Armes lourdes;Classique;Capacitor Laser (2-Shot);Manufacture de Cyberware;Micro-laser à impulsion puissante. faible portée mais précis (+3 WA);3D6;800;Weapon_heavy.png
26;Armes;Armes lourdes;Classique;Kenshiri Adachi F-253 Flamethrower;Kenshiri Adachi;Lance-napalm liquéfié. encombrant;2D10 (initial);1800;Weapon_heavy.png
27;Armes;Armes lourdes;Classique;Canon Automatique (Autocannon);Divers;Arme lourde générique de gros calibre. utilisation par compétence Armes Lourdes;6D10;5000;Weapon_heavy.png
28;Armes;Armes lourdes;Classique;Militech Elect. LaserCannon;Militech Electronics;Canon laser MilSpec. Nécessite un pack de puissance ;1-5D6 (Faisceau);8000;Weapon_heavy.png
29;Armes;Armes lourdes;Classique;Barrett-Arasaka Light 20mm;Barrett-Arasaka;Canon de chasseur de cyberpsycho. obus à l'uranium appauvri;4D10;9000;Weapon_heavy.png
30;Armes;Armes lourdes;Intelligente;Militech Elect. LaserCannon Smart;Militech Electronics;Canon laser Smartgun.;1-5D6 (Faisceau);16000;Weapon_heavy.png
31;Armes;Corps à corps;Classique;Poing américain;-;Renforce les coups de poing. ;1D6+1 (1mm);30;Weapon_Katana.png
32;Armes;Corps à corps;Classique;Couteau de combat standard;-;Couteau militaire simple et fiable. ;1D6+2 (1mm);50;Weapon_Katana.png
33;Armes;Corps à corps;Classique;Matraque télescopique;-;Matraque discrète et facile à dissimuler. ;1D6+3 (1mm);60;Weapon_Katana.png
34;Armes;Corps à corps;Classique;Couteau de lancer (x3);-;Jeu de 3 couteaux équilibrés pour le lancer. ;1D6 (1mm);75;Weapon_Katana.png
35;Armes;Corps à corps;Classique;Hachette tactique;-;Petite hache polyvalente. combat et utilitaire. ;2D6+2 (1mm);150;Weapon_Katana.png
36;Armes;Corps à corps;Classique;"Lance ""Spearhead""";-;Lance courte. pointe renforcée. ;2D6+4 (1mm);200;Weapon_Katana.png
37;Armes;Corps à corps;Classique;"Matraque électrique ""Stun""";Militech;Matraque incapacitante. décharge électrique. ;Stun (2D6);250;Weapon_Katana.png
38;Armes;Corps à corps;Classique;Sabre type Katana;Arasaka;Sabre moderne. lame monomoléculaire. ;3D6+3 (1mm);500;Weapon_Katana.png
39;Armes;Corps à corps;Intelligente;"Fouet ""Neural-Whip""";Cyberimb;Fouet cybernétique. douleur et choc nerveux. ;2D6 + Stun (1mm);900;Weapon_Katana.png
40;Armes;Corps à corps;Intelligente;"Sabre ""Vibroblade""";Militech;Sabre à lame vibrante haute fréquence. ;4D6 (1mm);1200;Weapon_Katana.png
41;Armes;Fusil;Classique;AKR-20 Medium Assault;Kalishnikov;Mise à jour de l'AKM. utilise des composites;5D6 (5.56);600;Weapon_Rifle.png
42;Armes;Fusil;Classique;Sternmeyer Stakeout 10;Sternmeyer;Fusil à pompe léger. utilisé par la police;4D6 (00);650;Weapon_Rifle.png
43;Armes;Fusil;Classique;Arasaka Rapid Assault Shot 12;Arasaka;Fusil à pompe automatique. Puissance de feu létale ;4D6 (00);700;Weapon_Rifle.png
44;Armes;Fusil;Classique;Militech Ronin Light Assault;Militech;"Fusil d'assaut léger (Compétence ""Fusil"" +1). Mise à jour polyvalente";5D6 (5.56);750;Weapon_Rifle.png
45;Armes;Fusil;Classique;FN-RAL Heavy Assault Rifle;FN;Fusil d'assaut lourd standard de l'OTAN;6D6+2 (7.62);900;Weapon_Rifle.png
46;Armes;Fusil;Classique;Fabrica De Armes M-2012 (Sniper);Fabrica De Armes;Fusil très précis. haute puissance;6D6+2 (7.62);1400;Weapon_Rifle.png
47;Armes;Fusil;Intelligente;Militech Ronin Light Assault Smart;Militech;Version Smartgun du Ronin.;5D6 (5.56);1500;Weapon_Rifle.png
48;Armes;Fusil;Intelligente;FN-RAL Heavy Assault Rifle Smart;FN;Version Smartgun du FN-RAL.;6D6+2 (7.62);1800;Weapon_Rifle.png
49;Armes;Fusil;Intelligente;Fabrica M-2012 Smart;Fabrica De Armes;Fusil sniper Smartgun.;6D6+2 (7.62);2800;Weapon_Rifle.png
50;Armes;Fusil;Intelligente;"Zetatech ""Apex"" Precision Rifle";Zetatech;Fusil de sniper 'Smart' de très haute qualité. Conçu pour les tirs à très longue distance. son calibre (10.0) offre un pouvoir d'arrêt supérieur.;7D6 (10.0);4500;Weapon_Rifle.png
51;Armes;Mitraillette;Classique;Cyberarm Light SMG;Manufacture de Cyberware;Mitraillette légère dissimulée dans un cyberbras;2D6 (9mm);400;Weapon_SMG.png
52;Armes;Mitraillette;Classique;Uzi Miniauto 9;Uzi;Mitraillette légère tout en plastique ;2D6+1 (9mm);450;Weapon_SMG.png
53;Armes;Mitraillette;Classique;H&K MP-2013;Heckler & Koch (H&K);Mise à jour du MP-5K. avec silencieux intégré;2D6+3 (10mm);480;Weapon_SMG.png
54;Armes;Mitraillette;Classique;Sternmeyer SMG 21;Sternmeyer;Mitraillette anti-terroriste de haute qualité;3D6+3 (11mm);500;Weapon_SMG.png
55;Armes;Mitraillette;Classique;Arasaka Minami 10;Arasaka;Arme de sécurité Arasaka standard ;2D6+3 (10mm);550;Weapon_SMG.png
56;Armes;Mitraillette;Classique;Ingram MAC 14;Ingram;Mitraillette lourde mise à jour;4D6+1 (12mm);600;Weapon_SMG.png
57;Armes;Mitraillette;Classique;Générique SMG Lourd;Divers;Mitraillette lourde générique. puissance élevée.;4D6+1 (12mm);650;Weapon_SMG.png
58;Armes;Mitraillette;Classique;H&K MPK-11;Heckler & Koch (H&K);Mitraillette Solo la plus utilisée. convertible;4D6+1 (12mm);680;Weapon_SMG.png
59;Armes;Mitraillette;Intelligente;Uzi Miniauto 9 Smart;Uzi;Miniauto 9 équipé Smartgun.;2D6+1 (9mm);900;Weapon_SMG.png
60;Armes;Mitraillette;Intelligente;Sternmeyer SMG 21 Smart;Sternmeyer;SMG 21 équipé d'une Liaison Smartgun.;3D6+3 (11mm);1000;Weapon_SMG.png
61;Modules d'arme;Archerie;Modification des dégâts;"Pointes de Flèche ""Hell-Tip""";Kenshiri Adachi;Pointes à charge creuse miniaturisée;;1900;Weapon_Module.png
62;Modules;Archerie;Modification des dégâts;"Système de Poulies ""Titan""";Barrett-Arasaka;Augmente drastiquement la puissance et la vélocité;;3300;Weapon_Module.png
63;Modules;Archerie;Modification des dégâts;"Injecteurs de Nanites ""Corroder""";Enertex;Injecte un agent corrosif ou une toxine;;1500;Weapon_Module.png
64;Modules;Archerie;Modification de la visée;"Viseur Balistique ""Smart-Bow""";Militech Electronics;Calcule la trajectoire (nécessite Smart-Link);;2500;Weapon_Module.png
65;Modules;Archerie;Modification de la visée;Télémètre Lidar Intégré;Fabrica De Armes;Donne la distance et ajuste le réticule;;1100;Weapon_Module.png
66;Modules;Archerie;Modification de la visée;Stabilisateur Gyroscopique;H&K;Annule les tremblements de la main;;1300;Weapon_Module.png
67;Modules;Archerie;Modification de l'utilisation;Chargeur-Carquois Automatisé;Uzi;Encochage automatique de la flèche;;2200;Weapon_Module.png
68;Modules;Archerie;Modification de l'utilisation;"Corde à Amortissement ""Whisper""";Manufacture de;Rend le tir presque totalement silencieux;;800;Weapon_Module.png
69;Modules;Archerie;Modification de l'utilisation;"Structure Pliable ""Hold-Out""";Dai Lung;Permet de plier l'arc pour la dissimulation;;750;Weapon_Module.png
70;Modules;Arme de poing;Modification des dégâts;Inferno-Mag I;Federated Arms;Ajoute des munitions à chaleur : inflige 1D6 de dégâts de chaleur additionnels. Réduit l'armure de 1 SP par coup.;;800;Weapon_Module.png
71;Modules;Arme de poing;Modification des dégâts;Spark-Slug;Militech Arms;Ajoute un dégât électrique mineur (1D6/2). La cible subit un malus de -1 à son prochain jet de Stun Save ;;550;Weapon_Module.png
72;Modules;Arme de poing;Modification de l'utilisation;Quick-Draw Assist (QDA);Dai Lung;Module assisté pour étui. Confère un bonus de +2 à l'Initiative si l'arme est tirée au premier tour du combat (similaire à l'effet de réflexe des Solos) ;;750;Weapon_Module.png
73;Modules;Arme de poing;Modification de l'utilisation;Silent-Runner;H&K;Amélioration mécanique interne et ajout de silencieux. L'arme est considérée comme Silent pour les attaques par surprise ou en combat rapproché. sans malus de visée  ;;1100;Weapon_Module.png
74;Modules;Arme de poing;Modification de l'utilisation;Micro-Stabilizer;BudgetArms;Stabilisateur de poignée pour les tirs rapides. Réduit la pénalité pour Dégainage rapide de -3 à -2 ;;450;Weapon_Module.png
75;Modules;Arme de poing;Modification de l'utilisation;Smartgun Hijack Inhibitor;Arasaka;Système de contre-mesure pour les armes Smartgun. Ajoute +4 à la difficulté pour les programmes Smartgun Hijack ennemis ;;1500;Weapon_Module.png
76;Modules;Arme de poing;Modification de la visée;Laser Sight Compact;Militech Electronics;Viseur laser ultra-compact.Ajoute +1 au jet d'Attaque ;;150;Weapon_Module.png
77;Modules;Arme de poing;Modification de la visée;Low-Light Optics;Federated Arms;Ajout d'une optique de visée numérique basse lumière. Permet d'ignorer le malus de -3 à la visée dû à un éclairage insuffisant ;;600;Weapon_Module.png
78;Modules;Arme de poing;Modification de la visée;Smart-Link Basic;Militech;Convertit l'arme en Smartgun (nécessite Interface Plugs et Neuralware). Donne +2 aux attaques ;;2000;Weapon_Module.png
79;Modules;Armes lourdes;Modification des dégâts;EMP Overcharger;Militech Electronics;Augmente la puissance des armes à énergie. Le LaserCannon peut être surchargé pour infliger +1D6 de dégâts max (passant à 1-6D6). L'arme s'enraie sur 1-3 (au lieu de 1-2) ;;3000;Weapon_Module.png
80;Modules;Armes lourdes;Modification des dégâts;Cryo-Payload Link;Divers;Permet de charger des munitions à effet Cryogénique (Zone d'Effet : 2m). Inflige 2D10 dégâts de froid et réduit la Statistique REF des cibles de -1 pour 1D6 tours;;4500;Weapon_Module.png
81;Modules;Armes lourdes;Modification des dégâts;Napalm Boost V2;Kenshiri Adachi;Améliore le lance-flammes. Les dégâts de feu secondaire durent 4 tours (au lieu de 2) et infligent 1D6 de dégâts par tour ;;2200;Weapon_Module.png
82;Modules;Armes lourdes;Modification de l'utilisation;Area Effect Limiter;Explosive Tech;Contrôle la dispersion des explosifs ou des grenades. Permet de choisir une zone d'effet réduite de 1 mètre pour concentrer les dégâts (par exemple. 4m au lieu de 5m pour le C6) ;;1000;Weapon_Module.png
83;Modules;Armes lourdes;Modification de l'utilisation;Cyberlink Auto-Reload;Manufacture de Cyberware;Système de rechargement robotisé pour armes cybernétiques lourdes (MML. Capacitor Laser). Réduit le nombre de tours de rechargement de -1 ;;1500;Weapon_Module.png
84;Modules;Armes lourdes;Modification de l'utilisation;EMP Shielding (Anti-Microwave);Militech Electronics;Blindage interne du circuit de l'arme. Immunise l'arme contre les effets secondaires électriques (courts-circuits) des armes à micro-ondes (Microwavers) ;;1800;Weapon_Module.png
85;Modules;Armes lourdes;Modification de la visée;Targeting Super-Heavy;Barrett-Arasaka;Optique de ciblage balistique de niveau militaire. Ajoute +1 au jet d'Attaque et permet d'ignorer 1 SP de Couverture (Cover SP) de l'ennemi ;;4000;Weapon_Module.png
86;Modules;Armes lourdes;Modification de la visée;Missile Guidance Lock;Scorpion;Améliore la précision des missiles. Ajoute +1 supplémentaire au WA des missiles autoguidés (total +3 WA pour le micromissile launcher) ;;2500;Weapon_Module.png
87;Modules;Armes lourdes;Modification de la visée;Smart-Link Heavy;Militech;Liaison Smartgun intégrale pour Canon Laser MilSpec ou 20mm. Donne +2 aux attaques. malgré la taille de l'arme ;;4000;Weapon_Module.png
88;Modules;Corps à corps;Modification des dégâts;Émetteur Volt-Edge;Militech Electronics;Ajoute des dégâts énergétiques au contact;;1200;Weapon_Module.png
89;Modules;Corps à corps;Modification des dégâts;"Actuateur Cinétique ""Mass-Driver""";Kenshiri Adachi;Augmente exponentiellement la force d'impact;;2800;Weapon_Module.png
90;Modules;Corps à corps;Modification des dégâts;Lame Mono-Moléculaire;Arasaka;Perfore les blindages légers et moyens;;4000;Weapon_Module.png
91;Modules;Corps à corps;Modification de la visée;"Lien Prédictif ""Pre-Cog""";Arasaka;Suggère les points de frappe (nécessite interface);;3500;Weapon_Module.png
92;Modules;Corps à corps;Modification de la visée;Scanner de Vulnérabilité;Militech;Surligne les points faibles via optique cyber;;1600;Weapon_Module.png
93;Modules;Corps à corps;Modification de la visée;Guide d'Arc Laser;Dai Lung;Indique la portée et l'arc de balayage;;600;Weapon_Module.png
94;Modules;Corps à corps;Modification de l'utilisation;Poignée Neuro-Tactile;Federated Arms;Améliore la vitesse de maniement et de riposte;;1750;Weapon_Module.png
95;Modules;Corps à corps;Modification de l'utilisation;"Module ""Pacificateur""";Sternmeyer;Permet de basculer en mode non-létal;;900;Weapon_Module.png
96;Modules;Corps à corps;Modification de l'utilisation;"Fourreau Magnétique ""Quick-Draw""";BudgetArms;Extraction quasi instantanée de l'arme;;450;Weapon_Module.png
97;Modules;Fusil;Modification des dégâts;AP-X Enhanced Barrel;FN;Canon à pénétration améliorée. Les munitions Armor Piercing (AP) infligent 3/4 des dégâts normaux au lieu de la moitié (tout en conservant la moitié de l'armure SP) ;;1800;Weapon_Module.png
98;Modules;Fusil;Modification des dégâts;Flame-Coating Rounds;Kenshiri Adachi;Revêtement qui s'enflamme à l'impact. Inflige 2D6 dégâts de feu au premier tour. puis 1D6/2 le tour suivant;;1200;Weapon_Module.png
99;Modules;Fusil;Modification de l'utilisation;Recoil Compensator Heavy;Militech;Compensateur de recul lourd. Réduit la pénalité pour le tir en Full Auto à -0 (au lieu de -1 par 10 cartouches) ;;2500;Weapon_Module.png
100;Modules;Fusil;Modification de l'utilisation;Vehicle Link Integrator;FN;Permet de connecter le fusil à un Vehicle Link. Ajoute +1 supplémentaire aux jets d'Attaque si le porteur est connecté à un véhicule Cyber (total +3)  ;;1400;Weapon_Module.png
101;Modules;Fusil;Modification de l'utilisation;Jury-Rig Assist;Divers;Module de diagnostic rapide Ajoute un bonus de +2 au jet de Basic Tech pour débloquer l'arme si elle s'enraye ;;300;Weapon_Module.png
102;Modules;Fusil;Modification de la visée;Telescopic Scope Pro (x10);Fabrica De Armes;Viseur télescopique à haute résolution. Ajoute +3 aux attaques à longue portée (Long) et +1 aux attaques à moyenne portée (Medium) ;;1600;Weapon_Module.png
103;Modules;Fusil;Modification de la visée;Targeting Smart-Integration;Arasaka;Module optique Smartgun qui ajoute +2 aux attaques Smartgun si l'arme est équipée d'une Liaison Smartgun (cumulable avec le +2 Smartgun Link pour un max de +4) ;;1000;Weapon_Module.png
104;Modules;Fusil;Modification de la visée;Image Enhancer Link;Militech;Lien avec les Cyberoptiques pour améliorer la résolution. Réduit le malus de visée de -2 dû à l'obscurité ou aux intempéries ;;950;Weapon_Module.png
105;Modules;Fusil;Modification de la visée;Rangefinder Digital;Divers;Télémètre numérique. Indique la portée précise. réduisant la difficulté de visée d'un cran si l'arme est à portée Close ou Medium ;;700;Weapon_Module.png
106;Modules;Mitraillette;Modification des dégâts;Taser-Burst Rounds;H&K;Munitions non létales électriques. Remplace le dégât par une décharge Stun plus puissante. nécessitant un Stun Save à -3 (au lieu de -1 ou -2) ;;700;Weapon_Module.png
107;Modules;Mitraillette;Modification des dégâts;Acid Injector;Enertex;Injecteur de produits chimiques. Chaque coup inflige 1D6 de dégâts additionnels par acide (Type A) et réduit l'armure de 1 SP par coup  ;;1500;Weapon_Module.png
108;Modules;Mitraillette;Modification de l'utilisation;Burst-Fire Accelerator;Uzi;Augmente la cadence de tir en rafale. Le Three Round Burst inflige un bonus de +4 (au lieu de +3) ;;1200;Weapon_Module.png
109;Modules;Mitraillette;Modification de l'utilisation;Ammo Counter Display;Arasaka;Affichage numérique du nombre de munitions restantes. Donne +1 au jet d'Initiative;;350;Weapon_Module.png
110;Modules;Mitraillette;Modification de l'utilisation;Flash-Suppressor Stealth;H&K;Cache-flammes à haute efficacité. Malus de -3 aux jets de Perspicacité pour identifier le tireur (si l'arme tire en rafale) ;;500;Weapon_Module.png
111;Modules;Mitraillette;Modification de l'utilisation;Myomar Grip Enhance;Manufacture de Cyberware;Poignée assistée par des fibres myomar (similaire au T-Myo des cyberbras. Réduit le malus de -3 pour tirer en courant à -2  ;;950;Weapon_Module.png
112;Modules;Mitraillette;Modification de la visée;Smartgun Link Compact;Uzi;Liaison Smartgun installée en usine sur l'Uzi Miniauto. Optimisé pour la cadence de tir ;;1800;Weapon_Module.png
113;Modules;Mitraillette;Modification de la visée;Holosight IR;Arasaka;Viseur holographique avec capacité infrarouge. Annule les malus dus à l'obscurité ou à la faible luminosité ;;1050;Weapon_Module.png
114;Modules;Mitraillette;Modification de la visée;Close-Quarters Targeting;Sternmeyer;Système de ciblage assisté pour combat rapproché. Donne +1 supplémentaire (total +5) pour les attaques à Point Blank (0-1m) ;;650;Weapon_Module.png
115;Vetements;Bas;SP 2;Genouillères/Coudières Rouillées;Divers (Récupération);Protections rigides qui gênent le mouvement en émettant un grincement.; Inconvénient : Malus de -1 au jet de Discrétion.;30;gear_jambes.png
116;Vetements;Bas;SP 3;Jambières Époxydées;Federated Arms;Jambières de protection souvent peintes grossièrement.;Protègent les membres contre les dégâts contondants Inconvénient : Réduit l'Attractivité (ATTR) de -110.;40;gear_jambes.png
117;Vetements;Bas;SP 2;"Pantalons Armurés ""Heavy Leather""";Divers;Pantalons épais en cuir lourd. souvent customisés par des gangs.;Fournit une Protection Balistique aux jambes. suffisante contre les couteaux ou les éraflures (road rash).;50;gear_jambes.png
118;Vetements;Bas;SP 1;"Bottes de Nomade ""Junker""";Artisanat de la Zone Morte;Bottes réparées à partir de pneus usés et de métal de récupération.;Ajoute +1 au jet de Survie dans les environnements de Zone Morte.Inconvénient : Elles laissent des traces reconnaissables (malus de -2 à Traque pour masquer ses propres traces);50;gear_jambes.png
119;Vetements;Bas;SP 1;Pantalon d'Escalade Fake;Dai Lung;Pantalon moulant en néoprène avec des sangles d'escalade décoratives.;Confère un bonus de +1 au jet de compétence Escalade (mais le bonus est perdu si la surface est glissante).;60;gear_jambes.png
120;Vetements;Bas;SP 0;Chaussures Cyber-Slip;Dai Lung (Chaussures de Furtivité Ratées);Chaussures légères censées être silencieuses. mais dont la semelle est en plastique dur.;Bonus de +1 au jet de compétence Discrétion Inconvénient : L'utilisateur glisse (jet de REF Difficile (15+) pour éviter la chute) sur les surfaces mouillées.;75;gear_jambes.png
121;Vetements;Bas;SP 3;Genouillères/Coudières Époxydées;Federated Arms;Protections rigides en plastique renforcé. Utilisées par les Boosters et les gangs.;Protègent spécifiquement les membres (Bras et Jambes) contre les dégâts contondants;80;gear_jambes.png
122;Vetements;Bas;SP 1;Bottes de Combat Stomper V1;BudgetArms;Bottes militaires d'imitation en plastique et cuir bon marché.;Avantage : Aucune pénalité de mouvement. Inconvénient : Les bottes sont inconfortables et bruyantes. Malus de -1 à la compétence Athlétisme.;90;gear_jambes.png
123;Vetements;Bas;SP 1;Pantalon Techie Multi-Poches;Zetatech;Pantalon cargo synthétique avec de multiples poches et des sangles de cuisse. optimisé pour les outils.;Le Techie peut stocker jusqu'à 5 objets légers (0.5 kg ou moins) dans les poches. les rendant accessibles en une seule action (vitesse de réaction).;100;gear_jambes.png
124;Vetements;Bas;SP 0;"Holster de Cuisse ""Clip-On""";Divers;Holster de cuisse externe. souvent fait de toile et mal fixé.;Permet de dissimuler une Arme de poing légère Inconvénient : 25 % de chance que l'arme tombe de son holster lors d'une action de combat rapide (nécessite 1 action pour la ramasser).;100;gear_jambes.png
125;Vetements;Bas;SP 1;Bottes de Combat Stomper;Militech;Bottes militaires en cuir et composite lourd. Semelles renforcées.;Ajoute +1 au jet de dégâts en corps à corps pour l'utilisateur.;150;gear_jambes.png
126;Vetements;Bas;SP 4;Pantalon Flak Usé;Militech (Réformé);Pantalon balistique avec de nombreuses réparations et une odeur forte;Fournit une Protection Balistique ModéréeInconvénient : Pénalité de -1 à la stat Classe à cause de l'odeur et de la gêne;150;gear_jambes.png
127;Vetements;Bas;SP 0;"Holster de Cuisse ""Pickpocket""";Dai Lung;Sacoche de cuisse en nylon dissimulée. optimisée pour le transport d'armes compactes.;Le porteur peut dissimuler une Arme de poing légère. conférant un bonus de +2 au jet de compétence Pick Pocket pour la sortir discrètement.;250;gear_jambes.png
128;Vetements;Bas;SP 0;Chaussures de Furtivité 'Shadowstep';H&K;Chaussures légères et silencieuses en néoprène micro-alvéolé. Conçues pour l'infiltration.;Bonus de +1 au jet de compétence Discrétion lors de la marche ou de la course.;300;gear_jambes.png
129;Vetements;Bas;SP 5;Pantalon Flak Militaire;Militech;Pantalon balistique lourd (Flack Pants) en époxyde laminé. kaki ou gris foncé. Protection standard pour les soldats.;Fournit une Protection Balistique Élevée aux Jambes.Malus de -1 à la stat REF du porteur;350;gear_jambes.png
130;Vetements;Bas;SP 1;"Bottes de Nomade ""All-Terrain""";Petrochem;Bottes solides et montantes avec des capteurs de navigation inertiels légers intégrés.;Ajoute +1 au jet de Survie ou de Traque lors de la navigation hors des zones urbaines.;400;gear_jambes.png
131;Vetements;Bas;SP 0;Kit de Survie Nomad 'Ranger';Nomads (Artisanat);Ceinture et sacoches de cuisse contenant des outils. des rations (Kibble) et une petite réserve de carburant CHOOH2 d'urgence.;Ajoute un bonus de +3 à la compétence Survie ;500;gear_jambes.png
132;Vetements;Bas;SP 0;Linear Frame Dummy;Réplique (Non fonctionnelle);Réplique en plastique creux d'un Exosquelette Linear Frame Sigma. portée pour l'intimidation et le style.;Ajoute +1 au jet d'Intimidation contre les PNJ non-cyber.  Inconvénient : Le cadre est lourd. Malus de -1 à la stat REF du porteur;500;gear_jambes.png
133;Vetements;Bas;SP 0;Pantalon Corporate Luxe;Anne Calvin (Haute Couture);Pantalon en laine synthétique rare. aux couleurs sobres et coûteuses.;Bonus de +1 au jet de Persuasion & Sociabilité lors de l'interaction avec des Corporates de haut niveau.;600;gear_jambes.png
134;Vetements;Bas;SP 1;Chaussures Cyber-Grip Pro;H&K;Bottes tactiques dotées de semelles à adhérence assistée et de servomoteurs au niveau de la cheville.;Ajoute +2 aux jets de compétence Escalade et +2 au jet de Discrétion lors de mouvements rapides;1000;gear_jambes.png
135;Vetements;Bas;SP 4;Jambières d'Analyse Toxin-Scan;Biotechnica;Jambières de protection qui scannent et analysent les environnements.;Confère un bonus de +4 au jet de Perspicacité pour détecter les mines terrestres. les poisons ou les pièges chimiques au sol;1200;gear_jambes.png
136;Vetements;Bas;SP 5;Pantalon Flak Sentinel;Militech;Pantalon balistique intégrant des stabilisateurs Myomar pour la course.;Réduit le malus de -3 pour tirer en courant à -1 (similaire au Myomar Grip Enhance) Inconvénient : EV +15.;1500;gear_jambes.png
137;Vetements;Bas;SP 0;"Holster de Cuisse ""Ghost-Draw""";Dai Lung;Holster sophistiqué intégrant un système de rétraction et d'extraction silencieux. optimisé pour les Solos.;Bonus de +3 au jet d' Initiative si l'arme dissimulée est tirée au premier tour (similaire au Quick-Draw Assist);1500;gear_jambes.png
138;Vetements;Bas;SP 0;Undergarments Anti-Glitch;Zetatech (Raté);Sous-vêtement technique censé protéger contre les effets électriques.;Ajoute +1 au jet de Stun Save contre l'électricité.  Inconvénient : Le nettoyage cybernétique est tellement intense qu'il oblige la cible à vomir (perte d'une action de combat) si elle est attaquée par un programme électrique;1500;gear_jambes.png
139;Vetements;Bas;SP 1;"Bottes ""Stun-Resist""";Arasaka (Sécurité);Bottes à semelles ultra-isolantes. conçues pour les environnements industriels avec des risques électriques.;Ajoute +3 aux jets de Stun Save contre les dégâts électriques (Spark-Surge)ou les Tasers.;1800;gear_jambes.png
140;Vetements;Bas;SP 3;Pantalon de Maître des Arts Martiaux;Exotic Fashion / Kendachi;Pantalon en soie synthétique laminée. ultra-résistant aux coupures.;Fournit une Protection Balistique contre les armes tranchantes (Edged Weapons) et ajoute +1 au Damage Bonus des attaques de jambes (Kick);2000;gear_jambes.png
141;Vetements;Bas;SP 1;Bottes de Vol Volantis;Orbital Air;Bottes haute-technologie avec micro-jets stabilisateurs. utilisées par les pilotes et les techniciens orbitaux.;Ajoute +2 à la compétence Athletisme (pour le saut et l'équilibre) et +1 à la compétence Propulsion;3500;gear_jambes.png
142;Vetements;Bas;SP 0;Jambes Bioniques de Course;Militech;Prothèses externes légères. augmentant la vitesse de course et la Statistique de Mouvement.;Augmente la rapidité du porteur. il passe de la vitesse de marche au maximum de sa vitesse de course instantanément et double sa distance de saut.;4500;gear_jambes.png
143;Vetements;Bas;SP 0;Jambes Exosquelette Liner I (Sigma);Divers (licence);Exosquelette de jambes (Linear Frame) porté sans interface neurale pour une force temporaire.;Augmente la Statistique de Puissance à 10 pour les tests de levage ou de coup de pied.  Inconvénient : Pénalité de -2 à la Statistique REF;5000;gear_jambes.png
144;Vetements;Bas;SP 0;Linear Frame I - Sigma Léger;Divers;Exosquelette de jambes de niveau Sigma (Force 12) avec des connecteurs pour Neuralware.;Augmente la Statistique de Puissance à 12 pour les tests de levage ou de coup de pied.  Inconvénient : Pénalité de -2 à la Statistique REF si non cyber-lié.;7000;gear_jambes.png
145;Vetements;Haut;SP 1;Harnais de Poussière V1;Petrochem (Rebut);Harnais Nomad léger qui se détend souvent. obligeant l'utilisateur à le réajuster.;Permet de transporter +2 kg de plus sans pénalité d'Encombrement.  Inconvénient : Fait un bruit de cliquetis audible. Malus de -1 au jet de Discrétion si vous transportez plus de 5 kg.;25;Gear_Corps.png
146;Vetements;Haut;SP 0;"Gilet Réfléchissant ""Safety First""";Zetatech (Modèle Ancien);Gilet de sécurité jaune fluo. conçu pour être visible de loin (pour les travaux de nuit).;Bonus de +2 à tous les jets de Perspicacité des PNJ pour vous localiser (vous rend très facile à repérer).;30;Gear_Corps.png
147;Vetements;Haut;SP 1;Harnais de Poussière V2;Orbital Air;Harnais thoracique et d'épaule en polymère léger pour Nomads. Aide à la fixation de sacs et d'équipements sur le dos lors de longs voyages.;Ajoute +5 kg à la limite de charge sans pénalité d'Encombrement (basé sur 0.5 kg pour un article de vêtement).;50;Gear_Corps.png
148;Vetements;Haut;SP 3;Gilet de Protection Contondante;Divers;Gilet en plastique rigide couvrant le torse. utilisé par les petits gangs.;Fournit une protection contre les dégâts contondants Inconvénient : La rigidité impose un malus de -1 au jet d'Esquive;60;Gear_Corps.png
149;Vetements;Haut;SP 2;"Veste ""Audio-Hype""";BudgetArms;Veste en cuir lourd avec des haut-parleurs externes bon marché cousus dans le col.;Fournit une Protection Balistique sur le Torse et les Bras. Inconvénient: La musique se déclenche aléatoirement à plein volume (jet de Sang-Froid Difficile (15+) pour la stopper avant la fin du tour).;70;Gear_Corps.png
150;Vetements;Haut;SP 3;"Veste Kevlar ""Bargain Bin""";Dai Lung (Contrefaçon);Veste d'armure usée souvent tachée ou réparée avec du ruban adhésif. Sent l'humidité.;Fournit une Protection Balistique Modérée sur le Torse.;75;Gear_Corps.png
151;Vetements;Haut;SP 3;Combinaison Ignifuge Basique;Biotechnica (Déclassée);Combinaison de travail lourde et non respirante. destinée aux entrepôts chauds.;Fournit une Protection Balistique et protège contre le feu et les flammesInconvénient : Malus de -1 au jet d'Athlétisme si porté pendant plus d'une heure (surchauffe).;100;Gear_Corps.png
152;Vetements;Haut;SP 3;Gilet Tactique Chimera;Arasaka;Gilet d'armure souple (Kevlar Vest) léger. conçu pour être porté discrètement sous une veste. Il intègre des panneaux amovibles en maille balistique.;Fournit une Protection Balistique Modérée sur le Torse. tout en étant facilement dissimulable.;150;Gear_Corps.png
153;Vetements;Haut;SP 0;"Chemise Vidéo ""Static Flash""";Exotic Fashion (Usé);Veste en tissu vidéo bon marché (Urban Flash) qui ne parvient pas à maintenir une image stable.;Confère un bonus de +1 au jet de Garde-robeInconvénient : L'écran vidéo se bloque parfois sur une image offensante (30% de chance d'imposer un malus de -1 à la Persuasion des PNJ non Hostiles).;150;Gear_Corps.png
154;Vetements;Haut;SP 0;"Manteau ""Corporate Repro""";Contrefaçon Rue;Manteau d'affaires (Businesswear) en polyester bon marché. essayant d'imiter le luxe6.;Bonus de +1 à la compétence Social si l'interaction est rapide.Inconvénient : Se déchire facilement (30% de chance de perdre le bonus si un jet de mouvement ou d'Athlétisme est foiré).;150;Gear_Corps.png
155;Vetements;Haut;SP 0;T-Shirt Biomonitor Fake;Divers;T-shirt moulant qui imite l'apparence d'un Biomonitor Link sans la fonctionnalité. Utilise un faux affichage à LED.;Avantage : Ajoute +1 au jet d'intimidation contre les PNJ non-cyber (ils pensent que vous êtes augmenté).;200;Gear_Corps.png
156;Vetements;Haut;SP 4;Veste Camouflage Digital;FN;Veste balistique légère (Light Armor Jacket) en tissu numérique camouflage.;Fournit une Protection Balistique et un bonus de +1 au jet de Discrétion dans les environnements urbains ou boisés.;250;Gear_Corps.png
157;Vetements;Haut;SP 1;"Veste ""Urban Flash"" Style";Si-fui Yan (Haute Couture);Veste en tissu vidéo (Video Jacket) à couleurs changeantes (Color Shift Fabric). Matériaux chers et voyants. très chilled.;Bonus de +1 à la compétence Garde-robe. et améliore la perception sociale (basé sur le style).;300;Gear_Corps.png
158;Vetements;Haut;SP 5;Veste Armurée Ronin M-16;Militech;Veste d'armure lourde (Heavy Armor Jacket) en Kevlar et composites laminés. avec une couche externe en nylon noir mat. très populaire auprès des Solos. Protection : Couvre le Torse et les Bras.;Fournit une Protection Balistique sur le Torse et les Bras.;400;Gear_Corps.png
159;Vetements;Haut;SP 0;T-Shirt Biomonitor Link;Trauma Team;T-shirt moulant avec une interface pour le Biomonitor. Tissu micro-sensoriel qui affiche des données vitales via une application de smartphone.;Permet d'activer l'implant Biomonitor pour ajouter +2 aux tests Resist Torture/Drugs (si implanté).;450;Gear_Corps.png
160;Vetements;Haut;SP 1;"Veste ""EMP-Risque""";Zetatech (Prototype);Veste en composite métallique mince. mal isolée. censée protéger contre les EMP.;Ajoute +1 au jet de Stun Save contre l'électricité Inconvénient : Le porteur subit 1D6/2 dégâts de reflux électrique (comme le Spark-Surge Basique) s'il entre en contact avec une source électrique importante.;500;Gear_Corps.png
161;Vetements;Haut;SP 6;"Veste ""Door Gunner""";Militech;Gilet pare-balles lourd (Door Gunner's Vest). conçu pour les positions stationnaires (tourelles d'AV-4). Très encombrant.;Fournit une Protection Balistique Supérieure sur le Torse. Inconvénient : Impose une pénalité d'encombrement (EV +3).;600;Gear_Corps.png
162;Vetements;Haut;SP 1;Harnais de Poussière M-2;Petrochem;Harnais lourd de survie pour Nomads. Intègre un filtre de purification d'air léger et des sangles de transport renforcées.;Ajoute +3 au jet de Resist Torture/Drugs contre les polluants atmosphériques et permet de transporter +15 kg sans pénalité;700;Gear_Corps.png
163;Vetements;Haut;SP 0;"Chemise Anti-Traçage ""Ghost""";DiscrétionNet (via un Fixer);Chemise synthétique noire traitée avec un revêtement qui masque les signatures thermographiques. Utilisée par les Netrunners et les Fixers.;Réduit la difficulté de détection par Infrared (IR) ou Thermograph de -2 (si l'ennemi utilise une optique IR).;800;Gear_Corps.png
164;Vetements;Haut;SP 0;Combinaison d'Ingénieur Mk. III;Zetatech;Combinaison de travail (Jumpsuit) rembourrée. grise. avec des poches porte-outils et des câbles d'interface intégrés.;Bonus de +1 aux tests de Basic Tech ou +1 au CyberTech pour les réparations effectuées dans l'heure suivant l'activation;900;Gear_Corps.png
165;Vetements;Haut;SP 5;"Armure Modulaire ""Sentinel""";Militech;Veste d'armure très lourde recouverte de plaques céramiques. conçue pour encaisser des dégâts d'explosion.;Réduit les dégâts des attaques à Zone d'Effet (grenades. missiles) de 1D6 points (min. 1 dégât).  Inconvénient : EV +35.;900;Gear_Corps.png
166;Vetements;Haut;SP 0;"Sous-Vêtement ""Smart Skin""";Zetatech;Sous-vêtement technique léger. blanc. conçu pour améliorer la conductivité neurale et le confort du Cyberwear.;Réduit le malus de perte d'Humanité (HC) de 1 pour les Cyberwares légers (Faible ou Très Faible) si porté à long terme (Confort accru).;1000;Gear_Corps.png
167;Vetements;Haut;SP 4;"Veste ""Samurai Edge""";Arasaka / Si-fui Yan;Veste de style Urban Flash en fibres polymères noires. intégrant un blindage souple de type Skin Weave4 et une interface audio. Très visible et coûteuse.;Fournit une Protection Balistique intégrée sur le Torse et les Bras. et ajoute +2 au jet de Performance vocale (via un Vocal-Synth4).;1500;Gear_Corps.png
168;Vetements;Haut;SP 5;Combinaison de Bio-Contention;Biotechnica;Combinaison intégrale étanche et ignifuge. utilisée pour manipuler des matériaux toxiques ou des virus de laboratoire.;Fournit une Protection Balistique et protège contre le feu et les acides. Offre un bonus de +6 aux jets de Resist Torture/Drugs contre la contamination chimique.;1800;Gear_Corps.png
169;Vetements;Haut;SP 4;"Veste ""Speed-Assist""";Zetatech;Veste balistique légère intégrant des capteurs et des schémas neuraux d'assistance à l'ingénierie avancée.;Ajoute un bonus de +5 aux jets de compétence Basic Tech ou CyberTech pendant 2D6 tours;3000;Gear_Corps.png
170;Vetements;Haut;SP 0;"Chemise ""Ghostware X""";DiscrétionNet;Chemise synthétique de haute technologie traitée avec un revêtement actif qui projette un camouflage optique léger.;Confère un bonus de +4 à la compétence Discrétion et rend l'utilisateur « invisible » pour les systèmes de ciblage ennemis pendant 1 tour après avoir été touché;3500;Gear_Corps.png
171;Vetements;Haut;SP 1;"Manteau Corporate ""Regalia""";Anne Calvin;Manteau long. sobre et élégant. fait de laine synthétique rare et de nano-fibres qui ajustent automatiquement la température et l'humidité.;Ajoute un bonus de  +1 à la Classe et un surbonus de +1  aux jets de Persuasion & Sociabilité  et lors d'interactions avec des PNJ Corporates;4000;Gear_Corps.png
172;Vetements;Haut;SP 5;Gilet de Combat Myomar;Militech;Gilet d'armure lourd qui utilise des fibres Myomar épaissies au niveau du dos et des épaules pour une force de levage temporaire.;Assure une Protection balistique Elevée.Augmente le score de Puissance(Puissance) à 12 pour les tests de Levage ou de Force (similaire à un Linear Frame Sigma);6000;Gear_Corps.png
173;Vetements;Haut;SP 0;T-Shirt Nanoid Link Pro;Trauma Team;Vêtement sous-cutané avancé qui lie l'utilisateur à des systèmes de nanotechnologie externes ou internes.;Triple le taux de guérison pendant 24 heures si le porteur possède des Nanosurgeons. Peut réparer 1D6 SDP d'un cybermembre (Nano-Assist Premium Perk);8000;Gear_Corps.png
174;Vetements;Haut;SP 1;Veste Anti-Tracement EMP;Arasaka (R&D);Veste en composite métallique mince. résistante aux impulsions électromagnétiques.;Immunise l'utilisateur contre les effets de la décharge EMP;8500;Gear_Corps.png
175;Vetements;Tête;SP 0;Lunettes Rétro-Chic UV;Dai Lung;Lunettes de soleil à verres réfléchissants (Mirrorshades)23.;Ajoute +1 au jet d'IntimidationInconvénient : Si la lumière est faible. la vision est réduite. Malus de -1 au jet de Perspicacité en intérieur;20;Gear_tête.png
176;Vetements;Tête;SP 0;Lunettes Rétro-Chic (Mirrorshades);Exotic Fashion;Lunettes de soleil à verres réfléchissants. très populaires dans la rue.;Ajoute +1 au jet d'Intimidation ou -1 au jet d'Empathie de l'adversaire (crée une barrière émotionnelle).;50;Gear_tête.png
177;Vetements;Tête;SP 0;"Lunettes ""Glimmer""";Exotic Fashion;Lunettes avec des LED intégrées (similaire au Shift-tacts20). censées améliorer la visibilité.;Ajoute +1 au jet d'Attractivité (ATTR)21.Inconvénient : Les lumières vacillent. Malus de -1 à la compétence Handgun pour les attaques à distance (distraction visuelle).;50;Gear_tête.png
178;Vetements;Tête;SP 1;Masque à Gaz à Charbon;Divers;Masque de survie simple avec un filtre à charbon dépassé.;Ajoute +2 au jet de Resist Torture/Drugs28 contre les toxines respirables (gaz. fumées)Inconvénient : La respiration est difficile. Malus de -1 à l'action de combat si vous courez (Mouvement);80;Gear_tête.png
179;Vetements;Tête;SP 0;Masque Respiratoire de Survie;Biotechnica;Masque couvrant le nez et la bouche avec deux filtres remplaçables. Nécessaire dans les Combat Zones polluées.;Offre un bonus de +4 au jet de Resist Torture/Drugs contre les toxines respirables (gaz. fumées).;100;Gear_tête.png
180;Vetements;Tête;SP 4;Casque Balistique Fissuré;Militech (Rebut);Casque de combat dont le revêtement est endommagé5.;Fournit une Protection Balistique à la Tête.Inconvénient : Ne protège pas contre les armes tranchantes;100;Gear_tête.png
181;Vetements;Tête;SP 0;Monture Optique 'Blind';Divers (Imitation);Imitation de monture optique faciale (Front Optic Mount). sans aucune optique réelle.;Ajoute +1 au jet d'Intimidation (aspect menaçant).Inconvénient : Réduit la Classe de -1;150;Gear_tête.png
182;Vetements;Tête;SP 0;Lunettes Smartgoggles 'Désaxées';Militech (Reconditionné);Lunettes optiques qui simulent le Smartgun Plug mais de manière instable.;Fournit un Smartgun Plug et ajoute +1 aux attaques à distance avec une arme SmartgunIncovénient : Le viseur se déplace légèrement. L'utilisateur subit -1 à la Statistique REF jusqu'à ce que les lunettes soient retirées (1 action);150;Gear_tête.png
183;Vetements;Tête;SP 0;"Lunettes Smartgoggles ""Tactical""";Militech;Lunettes optiques remplaçant les Cyberoptiques. Monture noire. Peut être équipé de puces pour simuler des options cybernétiques (IR. Low Lite. etc.).;Fournit un Smartgun Plug et des câbles. ajoutant +1 aux attaques à distance avec une arme Smartgun.;200;Gear_tête.png
184;Vetements;Tête;SP 0;"Casquette ""Micro-Recorder""";Divers;Casquette normale avec un micro-enregistreur caché (micro-rec link).;Permet d'enregistrer discrètement l'audio (jusqu'à 1 heure de stockage. si la puce n'est pas pleine)22.Inconvénient : Le micro capte tous les bruits de mastication de l'utilisateur (30% de chance que l'enregistrement soit inutilisable).;250;Gear_tête.png
185;Vetements;Tête;SP 5;Casque Balistique Nylon M-78;Militech;Casque de combat standard en Kevlar et plastique à haute résistance. Généralement de couleur sombre (noir ou vert olive).;Fournit une Protection Balistique à la Tête.;300;Gear_tête.png
186;Vetements;Tête;SP 0;"Bandeau ""Synth-Voice Buggé""";Zetatech (Contrefaçon);Bandeau contenant un Vocal Synthesizer bas de gamme.;Ajoute +1 au jet de compétence PerformanceInconvénient : Le contrôle vocal se retourne contre le porteur (20% de chance) forçant celui-ci à jurer bruyamment.;300;Gear_tête.png
187;Vetements;Tête;SP 1;Casque de Pilote Gyro-Lite;Orbital Air (Endommagé);Casque de pilote Gyrocraf. usé.;Bonus de +1 à la compétence Gyrocoptère Inconvénient : La liaison radio est de mauvaise qualité. Malus de -1 à tous les tests d'écoute radio (similaire au Ghostware Basique)2.;350;Gear_tête.png
188;Vetements;Tête;SP 5;Headware Cowl Plate;Divers (Cybertech);Plaque d'armure balistique rigide couvrant le crâne. Ancrée par mini-boulons. elle donne un look cybernétique.;Fournit une Protection Balistique Supérieure à la Tête.Inconvénient : Réduit la Statistique Classe de -1.;400;Gear_tête.png
189;Vetements;Tête;SP 0;Visière de Réparation Usée;Infocomp (Déclassée);Visière d'ordinateur de poche connectée au réseau local. Affiche des diagnostics de base.;Bonus de +1 au jet de compétence Basic Tech pour identifier un problème technique. Inconvénient : La visière est très lente (malus de -1 à l'Initiative au premier tour si elle est active).;400;Gear_tête.png
190;Vetements;Tête;SP 0;Bandeau AudioVox;Zetatech;Bandeau en tissu qui cache un Vocal Synthesizer.;Ajoute +2 au jet de compétence Performance (basé sur la voix).;700;Gear_tête.png
191;Vetements;Tête;SP 1;Casque de Pilote Gyro-Tech;Orbital Air;Casque léger en composite avec un microphone subvocal intégré et une liaison radio.;Bonus de +1 à la compétence Gyrocopter et permet d'utiliser la radio sans fil (jusqu'à 10 miles de portée).;800;Gear_tête.png
192;Vetements;Tête;SP 6;Headware Cowl Plate V2;Arasaka (Sécurité);Plaque d'armure rigide couvrant le crâne et le haut du visage. offrant une protection maximale.;Fournit une Protection Balistique Supérieure à la TêteInconvénient : Réduit la Statistique Classe de -1.;800;Gear_tête.png
193;Vetements;Tête;SP 0;Système d'Optique Multi-Montée;Arasaka (Sécurité);Monture faciale rigide (Front Optic Mount) permettant d'y fixer jusqu'à cinq modules optiques.;Permet de cumuler les avantages des Cyberoptiques (IR. Low-Lite. Image Enhancement) sans avoir à s'implanter tous les cyberwares (HC réduit).;1500;Gear_tête.png
194;Vetements;Tête;SP 6;"Casque ""Trauma Guard""";Trauma Team;Casque intégral lourd avec un système de communications prioritaires et des capteurs médicaux.;Donne un bonus de +3 à la compétence Premier soin ou Medical Tech lors de la stabilisation d'un patient;1500;Gear_tête.png
195;Vetements;Tête;SP 1;Casque d'Intégration Neurale;Zetatech;Casque léger de connexion directe qui agit comme une console;Offre un accès à un Chipware Socket4 pour insérer 5 puces de compétence sans avoir à subir l'opération (HC réduit);1500;Gear_tête.png
196;Vetements;Tête;SP 0;Visière de Réparation Techscanner;Infocomp;Visière transparente connectée à un micro-ordinateur. Affiche des diagnostics et des schémas.;Bonus de +2 au jet de compétence Basic Tech pour identifier un problème technique.;1700;Gear_tête.png
197;Vetements;Tête;SP 0;Bandeau de Leadership 'Rocker';Exotic Fashion;Bandeau orné. intégrant un Vocal Synthesizer et des amplificateurs de réputation.;Ajoute +3 à la compétence Performance. Si le porteur est un Rockerboy qui utilise son avantage Leader Charismatique. il peut influencer une foule de taille doublée;2000;Gear_tête.png
198;Vetements;Tête;SP 0;"Casquette Anti-Drone ""Signal-Cap""";Zetatech;Casquette normale intégrant une bobine de protection EMP légère. Utilisée par les Netrunners et les Fixers méfiants.;Protège contre les effets EMP légers : réduit de -1 le malus au jet de Stun Save lors d'une attaque;2500;Gear_tête.png
199;Vetements;Tête;SP 0;Masque Sonore 'Level Damper';Zetatech;Masque facial léger couvrant la bouche et le nez. intégrant un système de suppression active du bruit.;Immunise l'utilisateur contre les effets de la surdité et des jets de Stun Save causés par les armes soniques;2500;Gear_tête.png
200;Vetements;Tête;SP 0;"Lunettes ""Sense Amplifier""";Divers;Lunettes esthétiques intégrant des capteurs de perception avancés (visuels. auditifs et olfactifs).;Ajoute un bonus de +3 aux jets d' Éveil/Notice8 basés sur la perception. et confère +1 à la Perception Humaine (Perk)8.;2800;Gear_tête.png
201;Vetements;Tête;SP 6;Système Optique Frontal Arasaka Mk. II;Arasaka;Monture faciale rigide (Front Optic Mount) avec blindage . conçue pour les Solos et les CorpSec.;Permet de monter jusqu'à 5 options Cyberoptiques et fournit une protection blindée à la Tête5Inconvénient : Classe -2.;3000;Gear_tête.png
202;Vetements;Tête;SP 0;Visière Techscanner Pro;Infocomp;Visière connectée qui injecte des données techniques de diagnostic directement dans le champ de vision du Techie.;Ajoute un bonus de +5 au jet de compétence Basic Tech pour identifier un problème ;3500;Gear_tête.png
203;Vetements;Tête;SP 1;Casque de Pilote AV-7;Orbital Air;Casque de pilote en composite de vol vectored-thrust (AV-7)16 avec interface de contrôle direct et radio cryptée.;Ajoute un bonus de +3 aux jets de compétence Propulsion et +1 à l'Initiative pendant le pilotage (via un lien neuronal);5000;Gear_tête.png
204;Vetements;Tête;SP 0;"Smartgoggles ""Optic Master""";Militech;Lunettes optiques haut de gamme simulant 4 options Cyberoptiques. avec un processeur de ciblage avancé.;Fournit 4 options de cyberoptiquesFournit un Smartgun Plug et un bonus de +3 aux attaques à distance (cumulable jusqu'à +5 avec un Smartgun Link Cyberware);6000;Gear_tête.png
205;Implants;Sens (Odorat/Écoute);;Cyberaudio Standard;Orbital Air;Remplacement standard du système auditif. sans option initiale. Permet l'ajout d'options d'amélioration du son ;2D6 ;500;Implant_Sens.png
206;Implants;Sens (Odorat/Écoute);;Ampli-Hear Pro;Militech;Améliore l'ouïe et la reconnaissance sonore. ajoutant un bonus de +1 à tous les tests d'Perspicacité basés sur le son ;0.5 ;100;Implant_Sens.png
207;Implants;Sens (Odorat/Écoute);;Olfactory Boost (O-Boost);Divers (licence);Amplifie l'odorat. ajoutant +2 aux jets d'Perspicacité basés sur l'odeur. Permet également un bonus de +2 pour le pistage par l'odeur (Traque);2D6 ;400;Implant_Sens.png
208;Implants;Sens (Odorat/Écoute);;Level Damper (LD-Sound);Divers;Compensation automatique pour les bruits intenses. permettant d'ignorer les effets des armes soniques ou des grenades assourdissantes ;0.5 ;300;Implant_Sens.png
209;Implants;Sens (Odorat/Écoute);;Vocal-Synth 'Vox;Petrochem (Rebut);Synthétiseur vocal qui permet de contrôler la tonalité. le volume et la qualité de la voix avec précision. Ajoute +2 aux tests de compétence Performance vocale ;2D6 ;700;Implant_Sens.png
210;Implants;Sens (Odorat/Écoute);;Micro-Rec Link;Zetatech (Modèle Ancien);Permet d'enregistrer l'audio via des microphones internes et de stocker 2 heures de données (si couplé à un enregistreur Audio/Vidéo) ;0.5 ;300;Implant_Sens.png
211;Implants;Sens (Odorat/Écoute);;Bug Detector Mk. II;Orbital Air;Mini-récepteur qui détecte les signaux des dispositifs d'écoute radio. Confère 6/10 chance de détecter les bugs dans un rayon de 10 pieds ;0.5 ;100;Implant_Sens.png
212;Implants;Sens (Odorat/Écoute);;Voice Stress Analyzer (VSA);Divers;Système de détection de mensonges. Ajoute +2 aux tests de Perception Humaine ou Interrogation pour un sujet donné. après un enregistrement initial ;0.5 ;200;Implant_Sens.png
213;Implants;Sens (Odorat/Écoute);;ECM Scrambler;BudgetArms;Améliore le Radio Link ou Audio Splice en brouillant la communication. rendant les transmissions privées à moins que l'intercepteur n'ait un descrambleur ;0.5 ;100;Implant_Sens.png
214;Implants;Sens (Odorat/Écoute);;Digital Record Link;Dai Lung (Contrefaçon);Permet d'enregistrer l'audio ou la vidéo vers la mémoire interne du cyberaudio ;0.5 ;300;Implant_Sens.png
215;Implants;Vision;;Cyberoptique Standard;Biotechnica (Déclassée);Remplacement complet des yeux. Base pour l'ajout d'options ;3D6 ;200;Implant_Vision.png
216;Implants;Vision;;Image Enhancement (IE);Arasaka;Amélioration graphique haute résolution des images vues. Ajoute +2 à la compétence Perspicacité pour les indices visuels ;0.5 ;300;Implant_Vision.png
217;Implants;Vision;;Targeting Scope (TS);Exotic Fashion (Usé);Projette un réticule de ciblage dans le champ de vision. Ajoute +1 aux attaques Smartgun ;0.5 ;300;Implant_Vision.png
218;Implants;Vision;;Infrared (IR-Sight);Contrefaçon Rue;Permet de voir dans l'obscurité totale en utilisant les émissions de chaleur ;0.5 ;100;Implant_Vision.png
219;Implants;Vision;;Low-Lite™;Divers;Permet à l'utilisateur de voir clairement dans des conditions de faible éclairage ;0.5 ;100;Implant_Vision.png
220;Implants;Vision;;Teleoptics (Zoom x20);FN;Équivalent à un télescope de puissance 20x ;0.5 ;200;Implant_Vision.png
221;Implants;Vision;;Micro-Optics (Micro-Viz);Si-fui Yan (Haute Couture);Équivalent à un microscope de laboratoire. permet de voir des images microscopiques ;0.5 ;200;Implant_Vision.png
222;Implants;Vision;;Anti-Dazzle;Militech;Compensation automatique pour la lumière vive. neutralisant les effets des grenades flash ou des phares puissants ;0.5 ;100;Implant_Vision.png
223;Implants;Vision;;Color Shift Iris;Trauma Team;Permet de changer la couleur ou le motif de l'iris sur commande. pour des raisons esthétiques ;1D6/2 ;200;Implant_Vision.png
224;Implants;Vision;;Retina-Cam Digital;Zetatech (Prototype);Caméra numérique montée dans l'œil (prend 2 espaces d'option). Stocke jusqu'à 20 images sur une puce intégrée ;0.5 ;300;Implant_Vision.png
225;Implants;Bras;;Cyberarm Standard (CA);Militech;Remplacement standard d'un bras. équipé de muscles myomar. Possède 4 espaces pour options ou armes intégrées ;2D6 ;3000;Implant_Bras.png
226;Implants;Bras;;Plaque d'Armure ;Petrochem;Revêtement d'armure balistique pour le cybermembre. SP 5 pour le bras ;2;500;Implant_Bras.png
227;Implants;Bras;;Thickened Myomar (T-Myo);DiscrétionNet (via un Fixer);Fibres myomar épaissies. augmentant la force (double les dégâts de coup de poing/écrasement) ;3;600;Implant_Bras.png
228;Implants;Bras;;Hydraulic Rams (H-Rams);Zetatech;Composants lourds augmentant la force (triple les dégâts de coup de poing/écrasement) ;3;900;Implant_Bras.png
229;Implants;Bras;;Quick-Change Mount;Militech;Permet de changer rapidement de cybermembre (poignet. coude ou épaule) sans outils ;2;400;Implant_Bras.png
230;Implants;Bras;;Realskinn™;Zetatech;"Revêtement plastique flexible qui imite la peau humaine. 75 % de chance de se faire passer pour de la ""viande"" ";1D6 ;100;Implant_Bras.png
231;Implants;Bras;;Popup .45 Pistol (LMP);Arasaka / Si-fui Yan;Arme de poing dissimulée dans le cyberbras ;1D6/2 ;350;Implant_Bras.png
232;Implants;Bras;;Storage Space (2x2x6);Biotechnica;Compartiment de stockage verrouillable dissimulé dans le cyberbras.;0.5;100;Implant_Bras.png
233;Implants;Bras;;Capacitor Laser (2-Shot);Zetatech;Micro-laser à impulsion puissante (3D6 dégâts) dissimulé ;2D6 ;800;Implant_Bras.png
234;Implants;Bras;;Micromissile Launcher (MML);DiscrétionNet;Lanceur dissimulé de quatre missiles miniatures autoguidés ;2D6 ;500;Implant_Bras.png
235;Implants;Main;;Ripper Hand;Anne Calvin;Main standard avec lames ripper dissimulées (1D6+3 dégâts) ;2D6 ;200;Implant_Main.png
236;Implants;Main;;Hammer Hand;Militech;Main en titane trempé avec un vérin explosif. Le coup de poing inflige 1D10 dégâts ;2D6 ;300;Implant_Main.png
237;Implants;Main;;Buzz Hand (Mono-Saw);Trauma Team;Mono-filaments rotatifs à grande vitesse. 2D6+2 dégâts. réduction d'armure souple ;3;500;Implant_Main.png
238;Implants;Main;;Tool Hand (Multi-Tool);Arasaka (R&D);Main dont les quatre doigts dissimulent des micro-outils ;2;300;Implant_Main.png
239;Implants;Main;;Grapple Hand (Grip);Dai Lung;Main dont les doigts se prolongent en un grappin de lancer. Contient 30 mètres de ligne ;2;200;Implant_Main.png
240;Implants;Main;;Extension Hand (Extendo);Exotic Fashion;Main qui peut s'étendre jusqu'à 1 mètre ;2;200;Implant_Main.png
241;Implants;Main;;Big Knucks (Knucklebone);Exotic Fashion;Os des phalanges renforcés. valeur d'impact de 1D6+2 dégâts (Black Market) ;1D6 ;100;Implant_Main.png
242;Implants;Main;;Scratchers (Carbo-Claws);Divers;Ongles implantés en métal ou carbo-glas. extrêmement coupants (1D6/2 dégâts) ;1D6/2 ;100;Implant_Main.png
243;Implants;Main;;Wolver Blades;Biotechnica;Lames d'implant les plus longues. Se déploient sur 30 cm (3D6 dégâts/main) ;2D6 ;500;Implant_Main.png
244;Implants;Main;;Slice N' Dice;Militech (Rebut);Bobine de mono-filament installée dans l'extrémité d'un doigt ;2D6 ;300;Implant_Main.png
245;Implants;Jambes;;Cyberleg Standard (CL);Divers (Imitation);Remplacement standard d'une jambe. Comprend 3 espaces pour options/armes ;2D6 ;2000;Implant_Jambes.png
246;Implants;Jambes;;T-Myo Leaper;Militech (Reconditionné);Augmentation de la musculature Thickened Myomar. Les sauts sont augmentés de 50 % ;3;600;Implant_Jambes.png
247;Implants;Jambes;;Joints Renforcés;Militech;Articulations en acier au titane. Ajoute +5 SP au cybermembre ;1;600;Implant_Jambes.png
248;Implants;Jambes;;Spike Heel Foot;Militech;Talon avec une pointe de 15 cm projetant à partir du talon (2D6 dégâts AP) ;1D6 ;500;Implant_Jambes.png
249;Implants;Jambes;;Web Foot;Orbital Air;Déploie des membranes minces entre les orteils et les côtés du pied. Double la vitesse de nage ;1;200;Implant_Jambes.png
250;Implants;Jambes;;Grip Foot (Adhérence);Militech;Les orteils peuvent s'enrouler autour d'une barre de 5 cm. Ajoute +2 aux compétences d'Escalade ;1;200;Implant_Jambes.png
251;Implants;Jambes;;Holster Dissimulé;Divers (licence);Espace de stockage caché dans la jambe. pouvant contenir un pistolet automatique ;0.5 ;400;Implant_Jambes.png
252;Implants;Jambes;;Talon Foot (Claws);Divers;Déploie des lames étroites similaires aux Scratchers depuis le pied (1D6 dégâts) ;1D6 ;200;Implant_Jambes.png
253;Implants;Jambes;;Quick-Change Ankle;Petrochem (Rebut);Permet le changement rapide des pieds au niveau de la cheville sans outil ;2;200;Implant_Jambes.png
254;Implants;Jambes;;Jumping Servo-Pistons;Zetatech (Modèle Ancien);Pistons puissants et micro-servos intégrés. Permet de sauter jusqu'à 6 mètres en ligne droite (deux cyberjambes requises) ;3;800;Implant_Jambes.png
255;Implants;Peau;;Subdermal Armor (SDA);Orbital Air;Maille/armure balistique insérée sous la peau. couvrant le torse seulement. Fournit SP 3;2D6 ;2000;Implant_Defend.png
256;Implants;Peau;;Skin Weave;Orbital Air;Nanoids qui tissent les trois premières couches de peau avec un polymère dense. Fournit un SP de 2 pour la peau nue ;2D6;3500;Implant_Defend.png
257;Implants;Peau;;Light Tattoos (L-Tat);BudgetArms;Patches chimiques émettant de la lumière. insérés sous la peau ;1D6/2 ;200;Implant_Defend.png
258;Implants;Peau;;Chem Skins (C-Skin);Dai Lung (Contrefaçon);Colorants et produits chimiques imprégnés dans la peau. qui peuvent changer la couleur de la peau ou alterner des motifs vibrants ;1D6/2 ;400;Implant_Defend.png
259;Implants;Peau;;Synthskins Pro;Biotechnica (Déclassée);Couche de plastique à changement de couleur liée à la peau. Peut afficher des couleurs. des motifs. ou des fusées de lumière ;1D6/2 ;800;Implant_Defend.png
260;Implants;Peau;;Techhair;Arasaka;Cheveux artificiels imprégnés de produits chimiques réactifs ;1D6/2 ;300;Implant_Defend.png
261;Implants;Peau;;Skinwatch;Exotic Fashion (Usé);Montre numérique implantée juste sous l'épiderme ;1D6/2 ;200;Implant_Defend.png
262;Implants;Peau;;Shift-tacts;Contrefaçon Rue;Lentilles de contact colorées pour imiter les cyberoptiques ;1D6/2 ;50;Implant_Defend.png
263;Implants;Peau;;Subdermal Pocket (PKT);Divers;Poche plastique dissimulée sous la peau avec une fermeture scellée ;2D6 ;100;Implant_Defend.png
264;Implants;Peau;;Cowl Plate;FN;Plaque d'armure couvrant le crâne (ancrée par mini-boulons au cuir chevelu). SP 6 ;3D6 ;400;Implant_Defend.png
265;Implants;Système Nerveux;;Neural Processor;Si-fui Yan (Haute Couture);Boîte de commutation implantée dans la colonne vertébrale inférieure. système principal pour toute interface neurale ;2D6 ;1000;Implant_Nerf.png
266;Implants;Système Nerveux;;Kerenzikov (+1 REF);Militech;Co-processeur amplifiant la vitesse de réaction. Ajoute +1 à l'Initiative et aux Réflexes (REF) en permanence ;1D6 ;1000;Implant_Nerf.png
267;Implants;Système Nerveux;;Speedware (Sandevistan);Trauma Team;Booster qui s'active sur commande. augmentant les jets d'Initiative de +3 pour cinq tours ;2D6 ;1200;Implant_Nerf.png
268;Implants;Système Nerveux;;Pain Editor;Zetatech (Prototype);Co-processeur qui neutralise les récepteurs de douleur du cerveau. rendant le sujet insensible à la douleur physique ;2D6 ;1200;Implant_Nerf.png
269;Implants;Système Nerveux;;Interface Plugs (Fiches);Militech;Prises (habituellement dans les poignets. la colonne ou le crâne) qui se connectent au Neural Processor. Essentiel pour les Netrunners ;2D6 ;1000;Implant_Nerf.png
270;Implants;Système Nerveux;;Smartgun Link (S-Link);Petrochem;Permet de relier mentalement une arme à feu modifiée (Smartgun) au système nerveux. Ajoute +2 aux attaques avec cette arme ;2D6 ;1000;Implant_Nerf.png
271;Implants;Système Nerveux;;Vehicle Link (V-Link);DiscrétionNet (via un Fixer);Permet le contrôle direct d'un cybervéhicule par la pensée. offrant un bonus automatique de +2 aux compétences de conduite/pilotage ;2D6 ;1000;Implant_Nerf.png
272;Implants;Système Nerveux;;Machine/Tech Link;Zetatech;Permet d'interfacer avec et de contrôler toute autofactory ou machine lourde ;2D6 ;1000;Implant_Nerf.png
273;Implants;Système Nerveux;;Chipware Socket (10 puces);Militech;Petite douille pour insérer jusqu'à 10 puces de compétence (APTR ou MRAM) ;2D6 ;500;Implant_Nerf.png
274;Implants;Système Nerveux;;Adrenal Booster (ADS);Zetatech;Glande artificielle qui libère des hormones adrénalines sur commande. ajoutant +1 aux Réflexes (REF) ;2D6 ;500;Implant_Nerf.png
275;Implants;Système Circulatoire;;Nanosurgeons (NSR);Arasaka / Si-fui Yan;Machines microscopiques injectées qui effectuent des réparations chirurgicales au niveau cellulaire. Double le taux de guérison normal ;1D6/2 ;6000;Implant_Circulation.png
276;Implants;Système Circulatoire;;Muscle & Bone Lace (M&BL);Biotechnica;Nanoids qui enfilent des muscles synthétiques et enveloppent les os. Augmente la Puissance de +2 ;2D6 ;3000;Implant_Circulation.png
277;Implants;Système Circulatoire;;Grafted Muscle (GM);Zetatech;Muscle cultivé en cuve greffé. Augmente la statistique Puissance jusqu'à 2 points (1000 eb par point) ;1D6 par point de PUISSANCE gagné;;Implant_Circulation.png
278;Implants;Système Circulatoire;;Enhanced Antibodies (EA);DiscrétionNet;Anticorps sur mesure qui attaquent les toxines et les virus. Double le taux de guérison (en plus du taux normal) ;1D6/2 ;1500;Implant_Circulation.png
279;Implants;Système Circulatoire;;Toxin Binders;Anne Calvin;Nanoids conçus pour se lier aux toxines et poisons corporels. Ajoute +4 à tous les tests de sauvegarde (Save) contre les poisons ;1D6/2;400;Implant_Circulation.png
280;Implants;Système Circulatoire;;Gills Implant;Militech;Permet de respirer de l'eau relativement propre pour une durée maximale de 4 heures ;2D6 ;500;Implant_Circulation.png
281;Implants;Système Circulatoire;;Independent Air Supply (IAS);Trauma Team;Organe artificiel stockant de l'oxygène. permettant à un personnage inactif de retenir sa respiration jusqu'à 25 minutes ;2D6 ;400;Implant_Circulation.png
282;Implants;Système Circulatoire;;Biomonitor;Arasaka (R&D);Monté sous la peau de l'avant-bras. Donne un relevé constant du pouls. etc. Ajoute +2 aux tests Resist Torture/Drugs ;1D6/2 ;400;Implant_Circulation.png
283;Implants;Système Circulatoire;;Nasal Filters (NF);Dai Lung;Filtres augmentant les Saves contre les gaz toxiques. fumées ou autres toxines respirables de +4 ;2D6 ;100;Implant_Circulation.png
284;Implants;Système Circulatoire;;Contraceptive Implant (CI);Exotic Fashion;Implanté sous l'aisselle gauche. empêche la grossesse pendant 5 ans ;2D6 ;100;Implant_Circulation.png
